date,open,high,low,close,volume,change,Mkt-RF,SMB,HML,RMW,CMA
9/30/2022,132.54,138.249,128.27,129.7,138652720,-2.84,-9.36,-0.96,0.05,-1.4,-0.82
8/31/2022,131.06,142.72,125.12,132.55,208094056,1.49,-3.78,1.51,0.31,-4.8,1.31
7/29/2022,121.94,133.39,120.06,132.05,157646467,10.11,9.57,1.88,-4.1,0.68,-6.94
6/30/2022,128.5,128.92,117.9029,121.58,170929925,-6.92,-8.43,1.3,-5.97,1.85,-4.7
5/31/2022,154.96,154.99,117.27,128.63,272075714,-26.33,-0.34,-0.06,8.41,1.44,3.98
4/29/2022,149.66,160.77,148.8397,152.99,142211450,3.33,-9.46,-0.4,6.19,3.63,5.92
3/31/2022,135.87,150.54,135.02,148.92,185368469,13.05,3.05,-2.15,-1.8,-1.56,3.17
2/28/2022,139.21,141.99,132.01,135.16,162575143,-4.05,-2.29,2.96,3.04,-2.08,3.13
1/31/2022,144,146.63,133.95,139.81,164148268,-4.19,-6.25,-4.05,12.75,0.87,7.71
12/31/2021,140.51,146.526,135.24,144.69,238679891,4.18,3.1,-0.77,3.28,4.92,4.43
11/30/2021,149.98,152,140.01,140.63,177796882,-9.35,-1.55,-1.76,-0.44,7.22,1.74
10/29/2021,139.26,150.55,134.705,149.42,138004539,10.16,6.65,-2.7,-0.48,1.68,-1.44
9/30/2021,147.56,149.6473,139.25,139.38,151267046,-8.18,-4.37,1.14,5.08,-1.9,2.14
8/31/2021,142.83,152.57,141.67,148.1,181419932,5.27,2.91,-0.67,-0.16,-0.3,-1.76
7/30/2021,140.41,143.86,138.2209,142.55,131834193,2.14,1.27,-4.62,-1.76,5.49,-0.48
6/30/2021,142.21,142.8,134.4,141.02,169059406,-1.19,2.75,-0.34,-7.82,-2.18,-0.95
5/28/2021,139.68,144.58,135.76,142.03,172628671,2.35,0.29,1.23,7.08,2.53,3.01
4/30/2021,135.94,141.77,135.33,139.91,153126079,3.97,4.93,-3.15,-0.94,2.48,-2.69
3/31/2021,131.58,137.59,126.28,135.83,246556675,4.25,3.08,-0.86,7.4,6.46,3.41
2/26/2021,140.91,147.5,129.86,129.92,184552398,-10.99,2.78,4.53,7.18,0.3,-1.94
1/29/2021,144.3,149.93,140.35,140.49,150167606,-3.81,-0.03,6.91,2.96,-3.8,4.9
12/31/2020,153.6,153.6597,142.3,144.15,170017189,-9.45,4.63,4.79,-1.51,-1.98,-0.11
11/30/2020,140.59,153.4,139.03,152.79,137960066,12.2,12.47,7.12,2.14,-2.21,1.37
10/30/2020,140.8,146.605,137.37,138.75,129013525,-2.05,-2.1,4.64,4.21,-0.75,-0.76
9/30/2020,141.2,151.33,134.75,139.91,268778437,-1.29,-3.63,0.02,-2.68,-1.4,-1.89
8/31/2020,129.91,141.07,128.2713,138.85,229592388,8.94,7.63,-0.89,-2.95,4.26,-1.2
7/31/2020,119.45,134.13,118.22,129.4,197222721,9.95,5.77,-3.2,-1.38,0.41,0.96
6/30/2020,123.44,124.41,117.01,119.78,185705878,-3.66,2.46,1.97,-2.17,0.09,0.53
5/29/2020,121.48,131.99,120.78,124.06,186708076,2.58,5.58,1.98,-4.89,0.95,-3.25
4/30/2020,112.15,133.38,111.8,121.55,207003286,9.4,13.65,2.59,-1.23,2.7,-1.01
3/31/2020,107.6,128.08,102,113.62,318734300,6.02,-13.39,-8.31,-13.97,-1.5,1.26
2/28/2020,114.9,119.95,104.37,107.68,132355144,-7.22,-8.13,0.03,-3.79,-1.47,-2.51
1/31/2020,118.86,119.89,112.68,114.49,127888574,-4.37,-0.11,-4.37,-6.22,-1.18,-2.32
12/31/2019,119.15,122.12,117.42,118.84,98426399,-0.31,2.77,0.97,1.76,0,1.23
11/29/2019,117.92,125.38,117.08,119.09,116899196,1.17,3.87,0.44,-2.01,-1.59,-1.25
10/31/2019,118.85,120.71,114.58,117.26,98902760,-1.59,2.06,0.26,-1.92,0.44,-0.96
9/30/2019,113.68,119.86,113.49,118.68,107294158,5,1.43,0.27,6.74,1.84,3.36
8/30/2019,110.32,115.38,104.84,114.26,157363365,3.94,-2.58,-3.23,-4.76,0.55,-0.69
7/31/2019,111.3,115.49,109.63,110.38,91294745,-0.92,1.19,-1.78,0.47,-0.07,0.37
6/28/2019,101.63,112.22,101.4,110.49,121526002,8.86,6.93,0.36,-0.72,0.91,-0.43
5/31/2019,102.77,103.96,98.85,101.44,155765843,-1.33,-6.94,-1.58,-2.34,-0.47,1.75
4/30/2019,97.97,104.15,96.79,102.84,110608470,4.87,3.97,-1.17,2.14,1.61,-2.2
3/29/2019,99.47,100.49,95,97.53,141148758,-1.94,1.1,-3.5,-4.1,0.89,-0.96
2/28/2019,95.92,104.18,93.11,98.99,166799543,3.07,3.4,1.74,-2.68,0.12,-1.6
1/31/2019,91.64,99.35,91.64,95.83,160743604,4.19,8.4,3.02,-0.45,-0.79,-1.51
12/31/2018,98.02,99.59,85.78,93.15,186312324,-4.87,-9.57,-2.88,-1.86,-0.02,0.22
11/30/2018,99.96,106.21,93.31,97.65,191936504,-2.31,1.69,-0.77,0.27,-0.55,0.37
10/31/2018,94.29,102.6,92.89,100.28,216422336,5.99,-7.68,-4.45,3.44,0.93,3.59
9/28/2018,95.8,97.66,93.69,93.91,127212992,-1.89,0.06,-2.49,-1.69,0.64,1.3
8/31/2018,88.86,100.21,87.62,95.86,205661127,7,3.44,0.63,-3.99,-0.29,-2.65
7/31/2018,85.65,89.66,83.4,89.23,117607833,3.58,3.19,-1.93,0.47,1.56,0.35
6/29/2018,83.04,87.49,82.37,85.65,185816537,2.61,0.48,0.81,-2.33,0.79,0.24
5/31/2018,87.67,88.1,81.78,82.54,248483627,-5.13,2.65,4.74,-3.18,-2.04,-1.47
4/30/2018,88,89.66,84.84,88.46,164177842,0.46,0.28,0.93,0.54,-2.43,1.27
3/29/2018,90.17,90.5,85.28,88.97,250996773,-1.2,-2.35,3.58,-0.23,-0.46,0
2/28/2018,105.96,106.56,90,90.01,300297591,-15.95,-3.65,0.31,-1.07,0.54,-2.39
1/31/2018,99.3,109.98,98.52,106.6,161238958,7.3,5.57,-3.21,-1.33,-0.72,-1
12/29/2017,97.61,99.91,96.138,98.75,161482522,1.14,1.06,-1.07,0.05,0.74,1.66
11/30/2017,87.07,100.13,87,97.23,219160315,10.16,3.12,-0.36,-0.08,3.19,-0.07
10/31/2017,77.9,89.11,77.5,87.31,194446820,9.41,2.25,-1.93,0.21,0.92,-3.24
9/29/2017,78.31,81.12,77.73,78.14,159207322,-0.17,2.51,4.77,3.12,-1.46,1.68
8/31/2017,80.25,81.99,77.5,78.07,201324819,-2.18,0.16,-1.82,-2.09,0.15,-2.37
7/31/2017,75.84,80.34,73.13,79.99,141394475,4.15,1.87,-1.66,-0.24,-0.69,-0.12
6/30/2017,78.64,80.475,73.29,75.68,245842580,-2.96,0.78,2.57,1.48,-2.25,0.01
5/31/2017,75.09,79.44,74.96,78.6,179004446,3.51,1.06,-3.03,-3.78,0.95,-1.81
4/28/2017,72.08,75.7663,71.38,75.18,127293205,3.1,1.09,0.47,-2.1,1.91,-1.6
3/31/2017,70.97,72.56,69.33,72.08,191105194,1.11,0.17,0.74,-3.32,0.62,-0.94
2/28/2017,66.46,72.8,66.04,70.93,207958861,4.47,3.57,-2.21,-1.68,0.45,-1.83
1/31/2017,69.24,69.63,65.28,66.74,181529324,-2.5,1.94,-1.43,-2.76,-0.5,-0.99
12/30/2016,70.25,72.48,68.83,69.12,162512660,-1.13,1.81,0.39,3.56,1.23,-0.22
11/30/2016,69.98,72.09,68.12,70.43,210402048,0.45,4.86,7.04,8.19,-0.21,3.69
10/31/2016,71.83,72.57,67.07,70.02,170697840,-1.81,-2.02,-4.04,4.12,0.96,0.28
9/30/2016,71.57,73.19,70.3,72.12,177000967,0.55,0.25,1.86,-1.23,-2.23,0.03
8/31/2016,72.81,75.19,70.89,71.44,212441767,-1.37,0.49,1.7,3.13,-1.88,-0.34
7/29/2016,73.13,74.35,72.415,72.97,137444232,-0.16,3.95,2.49,-1.27,1.25,-1.19
6/30/2016,70.5,73.195,70.145,73.02,185958839,2.52,-0.05,0.44,-1.48,1.39,1.91
5/31/2016,66.62,71.375,62.72,70.78,232972261,4.16,1.78,-0.62,-1.66,-1.07,-2.49
4/29/2016,68.02,70.08,66.36,66.87,141246809,-1.15,0.91,1.22,3.28,-2.92,1.86
3/31/2016,66.65,69.19,64.88,68.49,202980432,1.84,6.96,1.08,1.19,0.76,-0.04
2/29/2016,65.91,68.2,62.35,66.34,263071454,0.43,-0.07,0.85,-0.57,3.28,1.99
1/29/2016,60.5,66.53,60.2,66.36,264648837,5.86,-5.77,-3.48,2.09,2.8,3.07
12/31/2015,59.13,61.87,58.315,61.3,226939706,2.17,-2.17,-2.97,-2.61,0.45,0.03
11/30/2015,57.29,61.47,56.3,58.84,224579683,1.55,0.56,3.29,-0.42,-2.71,-1.03
10/30/2015,64.76,67.95,57.16,57.24,347128402,-7.52,7.75,-2.05,-0.46,0.86,0.55
9/30/2015,63.98,67.01,62.915,64.84,190596569,0.86,-3.07,-2.8,0.56,1.8,-0.6
8/31/2015,71.84,73.695,61.5,64.73,227341577,-7.11,-6.04,0.24,2.77,0.69,1.24
7/31/2015,71.6,74.14,70.36,71.98,150419189,0.38,1.54,-4.58,-4.13,0.31,-2.46
6/30/2015,74.69,75.2,70.78,70.93,176549427,-3.76,-1.53,2.89,-0.79,0.45,-1.57
5/29/2015,78.2,79.94,74.15,74.27,151099118,-3.93,1.36,0.82,-1.14,-1.78,-0.72
4/30/2015,82.28,82.28,77.55,78.05,143609932,-4.23,0.59,-3.06,1.82,0.02,-0.65
3/31/2015,83.89,84,80.54,82.25,142500798,-1.64,-1.12,3.07,-0.37,0.09,-0.51
2/27/2015,84.79,88,82.55,83.93,138527911,-0.86,6.13,0.31,-1.86,-1.1,-1.79
1/30/2015,86.27,90.97,84.9,84.98,158867265,-1.29,-3.11,-0.91,-3.58,1.6,-1.66
12/31/2014,86.72,87.44,82.65,85.88,138964502,-0.84,-0.06,2.86,2.27,-1.22,0.96
11/28/2014,76.35,88.09,75.59,87.54,159245373,11.19,2.55,-2.28,-3.09,1.5,0.26
10/31/2014,76.51,79.37,72.61,76.27,177410316,-0.24,2.52,3.72,-1.81,-0.55,-0.09
9/30/2014,75.42,77.73,75.41,76.47,119362584,1.05,-1.97,-3.73,-1.34,1.31,-0.49
8/29/2014,73.32,76.2,72.77,75.5,103445021,2.18,4.24,0.31,-0.45,-0.63,-0.69
7/31/2014,75.27,77.569,73.54,73.58,120184800,-1.69,-2.04,-4.29,0.03,0.88,0.51
6/30/2014,76.58,77.76,74.67,75.07,125888500,-1.51,2.61,3.1,-0.7,-1.89,-1.98
5/30/2014,79.73,79.76,75.24,76.77,121597900,-2.96,2.06,-1.89,-0.13,0.05,-1.01
4/30/2014,76.76,79.985,76.29,79.71,133598600,2.95,-0.19,-4.14,1.17,3.48,1.04
3/31/2014,74.49,77.525,73.825,76.43,143316900,1.94,0.43,-1.13,4.93,2.13,1.98
2/28/2014,74.19,75.985,72.27,74.7,140708800,0.51,4.65,0.16,-0.31,-0.23,-0.47
1/31/2014,78.72,79.47,73.64,74.68,146048800,-4.04,-3.32,0.58,-2.07,-3.88,-1.43
12/31/2013,80.89,81.37,76.81,78.69,117743800,-2.2,2.81,-0.44,-0.02,-0.46,0.08
11/29/2013,76.97,81.35,76.59,81.01,113143600,4.04,3.13,1.4,0.32,0.14,0.05
10/31/2013,73.87,77.6301,71.51,76.75,150995900,2.88,4.18,-1.51,1.25,2.78,0.92
9/30/2013,73.48,76.73,72.19,73.96,124109700,0.48,3.77,2.66,-1.22,-0.58,-1.4
8/30/2013,78.42,79,72.23,72.98,133848900,-5.44,-2.71,-0.06,-2.69,0.66,-2.16
7/31/2013,74.99,78.69,74.09,77.94,113025400,2.95,5.65,1.8,0.57,-1.35,0.52
6/28/2013,75.06,76.87,72.9,74.49,162608600,-0.57,-1.2,1.56,0.03,-0.38,0.01
5/31/2013,77.85,79.96,74.82,74.84,162295100,-3.01,2.8,2.09,2.63,-1.97,-0.91
4/30/2013,75,79.5,74.9,77.72,165085800,2.72,1.55,-2.25,0.45,0.27,0.37
3/28/2013,70.78,75.11,70.78,74.83,151456500,4.05,4.03,0.86,-0.19,0.14,1.37
2/28/2013,70.11,71.955,68.13,70.78,205455800,0.67,1.29,-0.25,0.11,-0.67,0.54
1/31/2013,68.93,70.44,67.72,69.95,152007900,1.02,5.57,0.47,0.96,-1.93,1.42
12/31/2012,72.11,72.7,67.37,68.23,198433700,-3.88,1.18,1.91,3.51,-1.85,0.88
11/30/2012,75.13,75.16,67.655,72.02,193687500,-3.11,0.78,0.47,-0.84,0.6,0.84
10/31/2012,73.8,77.6,73.63,75.02,144858200,1.22,-1.76,-0.9,3.59,-1.34,2.51
9/28/2012,72.77,75.19,72.57,73.8,121605000,1.03,2.73,0.61,1.6,-1.49,1.54
8/31/2012,74.7,74.96,71.35,72.6,163618500,-2.1,2.55,0.45,1.3,-1.33,-0.86
7/31/2012,69.6,75.24,69.15,74.43,210686500,4.83,0.79,-2.8,-0.02,1.1,0.09
6/29/2012,65.43,69.72,65.13,69.72,229264800,4.29,3.89,0.84,0.62,-1.09,0.46
5/31/2012,58.95,66.66,58.27,65.82,247098000,6.87,-6.19,-0.12,-1.06,2.08,2.32
4/30/2012,61.08,62.49,57.18,58.91,251787900,-2.17,-0.85,-0.55,-0.78,1.3,0.65
3/30/2012,59.36,61.5,58.6415,61.2,185822200,1.84,3.11,-0.47,1.14,-0.54,0.74
2/29/2012,61.79,62.63,58.21,59.08,199314500,-2.71,4.42,-1.7,0.43,-0.48,-0.01
1/31/2012,59.97,62,58.37,61.36,163577000,1.39,5.05,2.05,-0.97,-2.01,-1.43
12/30/2011,58.64,60,57.42,59.76,193606900,1.12,0.74,-0.33,1.63,0.98,2.51
11/30/2011,55.82,59.395,55.68,58.9,222113300,3.08,-0.28,-0.27,-0.45,1.86,1.49
10/31/2011,51.88,57.96,51.63,56.72,268820500,4.84,11.35,3.46,0.1,-2.16,-0.86
9/30/2011,53.2,53.55,49.935,51.9,275866100,-1.3,-7.59,-3.65,-1.72,2.04,0.26
8/31/2011,52.79,53.49,48.31,53.19,424527100,0.4,-5.99,-3.2,-2.36,3.3,-0.38
7/29/2011,53.19,54.81,52.665,52.71,198103900,-0.48,-2.35,-1.2,-0.9,2.68,-1.82
6/30/2011,54.98,55.17,51.7933,53.14,266959787,-1.84,-1.75,0.13,-0.39,2.43,-1.51
5/31/2011,55.08,56.47,54.19,55.22,195699000,0.14,-1.27,-0.71,-2,1.91,-1.5
4/29/2011,52.25,55.16,51.92,54.98,177992800,2.73,2.9,-0.5,-2.49,1.11,-0.86
3/31/2011,52.16,53.88,50.97,52.05,279247300,-0.11,0.46,2.63,-1.85,1.8,-0.05
2/28/2011,56.37,56.73,51.52,51.98,276839200,-4.39,3.49,1.65,1.27,-1.93,0.87
1/31/2011,54.23,57.8975,53.54,56.07,260656500,1.84,1.99,-2.38,0.75,-0.65,0.77
12/31/2010,54.42,55.34,53.14,53.93,246182100,-0.49,6.82,0.99,3.76,-3.52,3.21
11/30/2010,54.05,55.72,53.43,54.09,241802400,0.04,0.6,3.64,-0.92,0.38,1.63
10/29/2010,53.6,54.82,52.93,54.17,208445100,0.57,3.88,0.86,-2.51,1.31,-0.33
9/30/2010,50.49,54.39,50.46,53.52,216284000,3.03,9.54,3.77,-3.18,-0.18,0.36
8/31/2010,51.55,52.48,50,50.14,272559100,-1.41,-4.77,-3.13,-1.93,0.58,-1.61
7/30/2010,48.1,51.81,47.77,51.19,280340800,3.09,6.93,0.14,-0.33,0.27,1.98
6/30/2010,50.8,52.08,48.01,48.07,390548500,-2.73,-5.57,-2.47,-4.7,-0.16,-1.55
5/28/2010,53.88,54.95,50,50.56,398119000,-3.32,-7.89,0.04,-2.44,1.3,-0.22
4/30/2010,55.75,55.9,53.52,53.64,269354100,-2.11,2,4.98,2.89,0.69,1.72
3/31/2010,54.04,56.27,53.15,55.6,270764400,1.56,6.31,1.85,2.21,-0.65,1.69
2/26/2010,53.62,54.5,52.66,54.07,278505000,0.45,3.4,1.51,3.23,-0.27,1.43
1/29/2010,53.74,55.2,52.51,53.43,291591500,-0.31,-3.36,0.34,0.43,-1.27,0.46
12/31/2009,54.85,55.08,52.31,53.45,264681300,-1.4,2.75,6.23,-0.17,1.02,-0.09
11/30/2009,49.81,55.09,49.52,54.55,306009700,4.74,5.56,-2.68,-0.34,1,0.12
10/30/2009,49.07,52,48.73,49.68,374017800,0.61,-2.59,-4.93,-4.2,4.17,-1.49
9/30/2009,50.81,52.1,48.73,49.09,375673300,-1.72,4.08,2.73,1.04,1.31,0.35
8/31/2009,50.22,52.56,48.75,50.87,344252000,0.65,3.33,-0.09,7.63,-3.02,3.34
7/31/2009,48.55,50.43,47.35,49.88,369068900,1.33,7.72,2.39,4.84,-0.46,3.14
6/30/2009,50.18,51.75,48.02,48.44,417698500,-1.74,0.43,2.29,-2.73,-1.41,-0.33
5/29/2009,50.5,51.38,48.12,49.74,377048900,-0.76,5.21,-2.32,0.27,-0.78,-2.16
4/30/2009,51.38,54.57,47.64,50.4,450522100,-0.98,10.18,7.13,5.36,1.31,0.13
3/31/2009,48.72,53,47,52.1,545295500,3.38,8.95,0.68,3.48,-2.52,-2.24
2/27/2009,46.57,50.67,46.25,49.24,509033200,2.67,-10.1,-1.33,-6.95,1.19,-1.02
1/30/2009,55.98,57.51,46.92,47.12,518547200,-8.86,-8.12,-2.13,-11.29,0.18,-1.16
12/31/2008,55.37,59.23,52.22,56.06,469411500,0.69,1.74,3.29,0.15,0.06,-1.49
11/28/2008,56.76,57.25,50.2,55.88,514798100,-0.88,-7.86,-3.89,-6.31,4.53,2.74
10/31/2008,59.51,60.3,47,55.81,748361300,-3.7,-17.23,-3.34,-2.3,3.04,2.05
9/30/2008,59.9,63.85,57.74,59.89,560153900,-0.01,-9.24,0.25,5.92,2.41,1.78
8/29/2008,58.75,61,56.81,59.07,395839100,0.32,1.53,3.46,1.59,1.86,0.84
7/31/2008,56,59.56,55.34,58.62,495577900,2.62,-0.77,3.72,5.42,-1.37,1.08
6/30/2008,57.41,59.95,55.85,56.2,443348300,-1.21,-8.44,1.15,-2.67,4.96,-0.55
5/30/2008,58.15,59.09,55.05,57.74,392991100,-0.41,1.86,3.06,-1.49,0.93,-0.06
4/30/2008,53.28,59.04,52.81,57.98,439232000,4.7,4.6,-1.14,-1.04,1.63,-2.47
3/31/2008,49.59,54.15,48.64,52.68,490180000,3.09,-0.93,0.56,0.3,0.79,0.5
2/29/2008,50.74,51.57,47.84,49.59,476630200,-1.15,-3.09,-0.66,-0.84,0.88,-0.93
1/31/2008,47.51,51.3,45.24,50.74,582620700,3.23,-6.36,-0.66,3.98,2.14,2.14
12/31/2007,47.59,50.05,46.87,47.53,304526500,-0.06,-0.87,0.15,-0.54,0.87,-1.04
11/30/2007,44.7,48.23,42.5,47.9,432340500,3.2,-4.83,-3.01,-0.95,1.89,-0.29
10/31/2007,43.83,47.7,43.27,45.21,437028000,1.38,1.8,-0.03,-3.05,-0.3,-0.09
9/28/2007,43.51,45.05,42.09,43.65,376154000,0.14,3.22,-2.43,-2.23,-0.52,-3.02
8/31/2007,46.05,48.42,42.92,43.63,561399200,-2.42,0.92,-0.37,-1.86,-1.21,-0.53
7/31/2007,48.2,49.26,45.73,45.95,345381600,-2.25,-3.73,-2.98,-3.72,0.2,-1.13
6/29/2007,47.9,51.44,47.69,48.11,443564800,0.21,-1.96,0.75,-1.07,0.53,0.08
5/31/2007,47.92,48.88,46.32,47.6,309199900,-0.32,3.24,0.4,-0.65,1.58,-1.36
4/30/2007,47.06,49.95,46.83,47.92,257144500,0.86,3.49,-2.03,-1.46,1.15,1.04
3/30/2007,47.8,48.32,45.06,46.95,347369500,-0.85,0.68,0.19,-0.96,0.64,-0.65
2/28/2007,47.51,50.42,47.44,48.31,268500400,0.8,-1.96,1.28,-0.13,-0.51,-0.71
1/31/2007,47.09,48.78,46.51,47.69,289921200,0.6,1.4,0.08,-0.69,0.25,0.38
12/29/2006,46.1,46.89,44.8,46.18,278046300,0.08,0.87,-0.82,2.73,-0.72,2.06
11/30/2006,49.38,49.7,45.97,46.1,371959900,-3.28,1.71,0.71,0.14,0.15,-0.81
10/31/2006,48.4,52.15,47.64,49.28,365494300,0.88,3.23,1.98,-0.3,-0.12,0.28
9/29/2006,45,49.95,44.02,49.32,265210400,4.32,1.84,-1.46,0.08,0.82,0.6
8/31/2006,44.35,45.45,43.48,44.72,237088700,0.37,2.03,0.44,-2.06,-1.86,2.09
7/31/2006,47.79,48.05,42.31,44.5,269589700,-3.29,-0.78,-3.64,2.62,1.63,0.9
6/30/2006,48.25,49.19,46.55,48.17,245733000,-0.08,-0.35,-0.24,0.85,1.33,-0.07
5/31/2006,45.92,50,45.54,48.45,302008400,2.53,-3.57,-2.85,2.42,1.15,1.46
4/28/2006,47.24,47.31,44.99,45.03,197107100,-2.21,0.73,-0.84,2.34,1.8,0.01
3/31/2006,45.5,48.87,44.86,47.24,267987900,1.74,1.46,3.4,0.59,0.09,-0.41
2/28/2006,46.05,47.02,44.52,45.36,236340600,-0.69,-0.3,-0.42,-0.35,-0.51,1.91
1/31/2006,46.36,46.95,44.54,46.11,322518700,-0.25,3.04,5.75,1.08,-0.64,-0.46
12/30/2005,48.59,49.74,46.75,46.8,258541900,-1.79,-0.25,-0.21,0.2,0.21,0.23
11/30/2005,47.12,50.87,46.61,48.56,267771900,1.44,3.61,0.85,-1.18,-0.74,-1.14
10/31/2005,44.15,47.5466,43.3,47.31,309168500,3.16,-2.02,-1.45,0.43,-0.94,-1.3
9/30/2005,44.95,46.48,42.31,43.82,445029400,-1.13,0.49,-0.35,0.72,0.27,-0.6
8/31/2005,49.62,49.87,44.7,44.96,280401100,-4.66,-1.22,-0.89,1.32,-2.05,0.36
7/29/2005,48.25,50.69,48.15,49.35,183397900,1.1,3.92,2.8,-0.78,-1.22,-0.81
6/30/2005,47.25,50.3,47.21,48.2,238335200,0.95,0.57,3.28,2.82,0.97,-0.51
5/31/2005,47.48,49.46,46.6,47.23,255131200,-0.25,3.65,2.79,-0.64,-1,0.3
4/29/2005,50.5,50.5,46.2,47.14,337397100,-3.36,-2.61,-3.98,0.06,0.97,-0.94
3/31/2005,52.01,53.49,50.06,50.11,373812500,-1.9,-1.97,-1.42,2.04,0.47,1.29
2/28/2005,52.4,53.74,51.1,51.61,181560100,-0.79,1.89,-0.3,1.53,1.45,-0.05
1/31/2005,53.75,54.6,52.22,52.4,183923700,-1.35,-2.76,-1.18,2.06,2.73,-1.46
12/31/2004,52.5,53.65,51.24,52.82,231643800,0.32,3.43,-0.05,-0.22,-1.16,0.46
11/30/2004,53.92,57.89,52.06,52.06,238267700,-1.86,4.54,4.11,1.42,-0.59,-0.21
10/29/2004,53.5,54.38,51.91,53.92,185838900,0.42,1.43,0.19,-0.22,-0.52,0.49
9/30/2004,52.46,53.96,51.1,53.2,206640300,0.74,1.6,3.27,-0.01,-1.48,-1.89
8/31/2004,53.02,54.97,51.08,52.67,186258300,-0.35,0.08,-1.16,1,1.18,-1.44
7/30/2004,53.1,54.19,51.5,53.01,210007000,-0.09,-4.06,-2.95,3.23,5.33,-1.66
6/30/2004,55.45,57.83,51.93,52.76,214484500,-2.69,1.86,2.56,1.19,1.2,-0.39
5/28/2004,57,57.52,53.45,55.73,205337100,-1.27,1.17,-0.38,-0.24,-1.18,0.02
4/30/2004,58.75,60.14,56.15,57,193281000,-1.75,-1.83,-2.01,-3.09,3.46,-2.84
3/31/2004,59.67,61.31,57.27,59.69,222337300,0.02,-1.32,2.1,0.28,1.56,-0.98
2/27/2004,54.2,60.15,54.15,59.56,225419200,5.36,1.4,-0.93,0.91,2.18,-1.21
1/30/2004,53.35,54.95,51.58,53.85,201663800,0.5,2.15,2.45,2.48,-3.67,3.38
12/31/2003,55.64,55.66,50.5,53.05,280065600,-2.59,4.29,-2.49,1.61,0.57,0.94
11/28/2003,58.77,59.93,54.36,55.64,172384700,-3.13,1.35,2.33,1.78,0.19,1.8
10/31/2003,56.02,59.64,56.01,58.95,152140600,2.93,6.08,2.71,1.97,-1.35,1.54
9/30/2003,58.96,60.2,55.8,55.85,175100700,-3.11,-1.24,0.55,0.15,1,0.35
8/29/2003,55.72,59.48,54.78,59.17,136669300,3.45,2.34,2.48,1.54,-2.24,2.13
7/31/2003,53.5,57.7,53,55.91,157989300,2.41,2.35,4.54,-1.24,-4.15,1.77
6/30/2003,52.96,55.59,52.12,53.67,166620900,0.71,1.42,1.68,0.15,0.48,-0.35
5/30/2003,56.32,56.95,51.63,52.61,190744000,-3.71,6.05,4.87,0.5,-7.06,2.99
4/30/2003,52.1,57.51,51.52,56.32,169673200,4.22,8.22,1.04,1.17,-4.7,1.09
3/31/2003,48.6,54.86,46.5,52.03,177796800,3.43,1.09,0.67,-1.91,1.85,-0.75
2/28/2003,47.77,49.79,46.25,48.06,147045300,0.29,-1.88,-0.93,-1.38,0.83,-0.61
1/31/2003,50.65,52.18,46.92,47.8,177204400,-2.85,-2.57,0.72,-0.81,-1,0.71
12/31/2002,55.96,56.74,48.95,50.51,172622000,-5.45,-5.76,0.62,2.14,6.29,-1.68
11/29/2002,53.59,56.2,52.57,53.9,172707800,0.31,5.96,2.93,-1.21,-9.21,5.17
10/31/2002,49.24,58.03,48.55,53.55,281372000,4.31,7.84,-4.3,-3.94,-3.4,0.77
9/30/2002,52.85,57,48.1,49.24,189286100,-3.61,-10.35,3.07,1.47,3.29,-2.19
8/30/2002,49,54.79,45.19,53.48,216148600,4.48,0.5,-1.3,3.29,1.36,-1.46
7/31/2002,55.3,56.7,43.72,49.18,256873400,-6.12,-8.18,-6.43,-3.85,3.79,-0.99
6/28/2002,54.18,58.88,52,55.01,198082500,0.83,-7.21,3.89,-0.03,3.93,2.49
5/31/2002,55.6,59.3,53.61,54.1,174180400,-1.5,-1.38,-3.02,1.53,2.37,2.43
4/30/2002,60.36,61.85,53.82,55.86,173902500,-4.5,-5.2,6.72,3.88,4.56,5.38
3/28/2002,62.2,63.94,60.3,61.3,151343400,-0.9,4.24,4.25,1.06,-1.78,0.57
2/28/2002,59.9,62.88,58.1,62.01,151688900,2.11,-2.29,-0.36,2.16,8.06,5.11
1/31/2002,57.65,59.98,55.31,59.98,150831500,2.33,-1.44,1.26,3.44,4.69,2.83
12/31/2001,55.23,58.74,53.03,57.55,135601900,2.32,1.6,5.16,0.85,0.35,-0.27
11/30/2001,51.2,56.24,50.86,55.15,158067900,3.95,7.54,-0.31,2.22,-3.72,-1.62
10/31/2001,49.5,54.75,48.14,51.4,187933400,1.9,2.46,5.28,-7.66,-2.99,-4.54
9/28/2001,48.23,49.95,41.5,49.5,174327700,1.27,-9.25,-5.73,1.45,5,3.2
8/31/2001,55.4,56.77,47.24,48.05,151455300,-7.35,-6.46,2.71,2.3,4.05,6.56
7/31/2001,48.95,56.5,46.71,55.9,154027100,6.95,-2.13,-2.83,5.21,7.42,3.06
6/29/2001,51.54,52.45,48,48.8,122370700,-2.74,-1.94,6.57,-1.13,1.6,-1.5
5/31/2001,51.72,54.75,51,51.75,146569900,0.03,0.72,3.59,3.38,0.26,1.88
4/30/2001,50,53.3,47.41,51.74,149743600,1.74,7.94,-0.86,-4.68,-3.07,-3.19
3/30/2001,49.25,51.9,45.2,50.5,169447700,1.25,-7.26,2.33,6.42,3.36,3.91
2/28/2001,56.8,56.8,48.05,50.09,136950200,-6.71,-10.05,2.82,12.48,9.11,9.05
1/31/2001,53.13,58.75,50.44,56.8,179925700,3.67,3.13,5.5,-5.09,-4.7,-5
12/29/2000,52.63,55.94,46.94,53.13,172787800,0.5,1.19,3.26,7.61,1.72,4.78
11/30/2000,46.5,52.19,42.56,52.19,196379900,5.69,-10.72,-0.6,12.32,13.09,8.39
10/31/2000,48.19,48.63,41.44,45.38,217333800,-2.81,-2.76,-2.64,5.7,9.6,3.82
9/29/2000,47.56,54.75,46.88,48.13,150950500,0.57,-5.45,0.19,7.17,2.56,5.53
8/31/2000,54,57.63,47.13,47.63,192477600,-6.37,7.03,-1.04,-1.38,-3.22,1.09
7/31/2000,57.25,62.94,54.25,55.25,107293500,-2,-2.51,-1.03,8.3,5.82,2.95
6/30/2000,57.13,60.06,51.63,57.63,129622000,0.5,4.64,9.93,-8.43,-8.32,-2.93
5/31/2000,56.38,60,49.5,57.63,144407300,1.25,-4.42,-3.84,4.81,4.17,1.3
4/28/2000,56.63,64.94,51.75,55.38,136390700,-1.25,-6.4,-5.01,7.26,7.66,5.65
3/31/2000,49.88,60.75,45.63,56.5,231782500,6.62,5.2,-15.35,8.17,11.82,-1.65
2/29/2000,55,60.13,43.44,48.75,230040300,-6.25,2.45,18.34,-9.7,-18.73,-0.36
1/31/2000,68.38,69,53.5,54.75,135751100,-13.63,-4.74,4.44,-1.91,-6.31,4.75
12/31/1999,57.69,70.25,57,69.13,137085100,11.44,7.72,5.39,-8.32,-7.6,-5.63